<ImportExportXml xmlns:xsi="http://www.w3.org/2001/XMLSchema-instance" OrganizationVersion="9.2.24082.192" OrganizationSchemaType="Standard" OrganizationType="Developer" TenantId="f7f98274-a68b-44b1-b5ec-e89ca2664210" CRMServerServiceabilityVersion="9.2.24083.00202">
  <Entities></Entities>
  <Roles></Roles>
  <Workflows></Workflows>
  <FieldSecurityProfiles></FieldSecurityProfiles>
  <Templates />
  <EntityMaps />
  <EntityRelationships />
  <OrganizationSettings />
  <optionsets />
  <CustomControls />
  <EntityDataProviders />
  <Languages>
    <Language>1033</Language>
  </Languages>
</ImportExportXml>